Prefix,Category,Notes,History_Field,Date_Onset_Field,Additional_Fields
I10,HTN,Essential (primary) hypertension,h/o__hypertension (HTN),HTN_date of onset,
I11,HTN,Hypertensive heart disease (parent),h/o__hypertension (HTN),HTN_date of onset,
I11.0,HTN,Hypertensive heart disease with heart failure,h/o__hypertension (HTN),HTN_date of onset,
I11.9,HTN,Hypertensive heart disease without heart failure,h/o__hypertension (HTN),HTN_date of onset,
I12,HTN,Hypertensive chronic kidney disease (parent),h/o__hypertension (HTN),HTN_date of onset,
I12.0,HTN,Hypertensive CKD with stage 5 CKD or ESRD,h/o__hypertension (HTN),HTN_date of onset,
I12.9,HTN,Hypertensive CKD with stage 1-4 CKD or unspecified,h/o__hypertension (HTN),HTN_date of onset,
I13,HTN,Hypertensive heart and chronic kidney disease (parent),h/o__hypertension (HTN),HTN_date of onset,
I13.0,HTN,Hypertensive heart and CKD with heart failure,h/o__hypertension (HTN),HTN_date of onset,
I13.10,HTN,Hypertensive heart and CKD without heart failure with stage 1-4 CKD,h/o__hypertension (HTN),HTN_date of onset,
I13.11,HTN,Hypertensive heart and CKD without heart failure with stage 5 CKD/ESRD,h/o__hypertension (HTN),HTN_date of onset,
I13.2,HTN,Hypertensive heart and CKD with heart failure and stage 5 CKD/ESRD,h/o__hypertension (HTN),HTN_date of onset,
I15,HTN,Secondary hypertension (parent),h/o__hypertension (HTN),HTN_date of onset,
I15.0,HTN,Renovascular hypertension,h/o__hypertension (HTN),HTN_date of onset,
I15.1,HTN,Hypertension secondary to other renal disorders,h/o__hypertension (HTN),HTN_date of onset,
I15.2,HTN,Hypertension secondary to endocrine disorders,h/o__hypertension (HTN),HTN_date of onset,
I15.8,HTN,Other secondary hypertension,h/o__hypertension (HTN),HTN_date of onset,
I15.9,HTN,Secondary hypertension unspecified,h/o__hypertension (HTN),HTN_date of onset,
I16,HTN,Hypertensive crisis (parent),h/o__hypertension (HTN),HTN_date of onset,
I16.0,HTN,Hypertensive urgency,h/o__hypertension (HTN),HTN_date of onset,
I16.1,HTN,Hypertensive emergency,h/o__hypertension (HTN),HTN_date of onset,
I16.9,HTN,Hypertensive crisis unspecified,h/o__hypertension (HTN),HTN_date of onset,
O10,HTN,Pre-existing hypertension complicating pregnancy (remote - obstetric),h/o__hypertension (HTN),HTN_date of onset,
O11,HTN,Pre-existing hypertension with pre-eclampsia (remote - obstetric),h/o__hypertension (HTN),HTN_date of onset,
O13,HTN,Gestational hypertension without significant proteinuria (remote - obstetric),h/o__hypertension (HTN),HTN_date of onset,
O14,HTN,Pre-eclampsia (remote - obstetric),h/o__hypertension (HTN),HTN_date of onset,
O16,HTN,Unspecified maternal hypertension (remote - obstetric),h/o__hypertension (HTN),HTN_date of onset,
I50,CHF,Heart failure (parent),h/o__Congestive heart failure (CHF),CHF_date of onset,
I50.1,CHF,Left ventricular failure unspecified,h/o__Congestive heart failure (CHF),CHF_date of onset,
I50.20,CHF,Unspecified systolic (congestive) heart failure,h/o__Congestive heart failure (CHF),CHF_date of onset,
I50.21,CHF,Acute systolic heart failure,h/o__Congestive heart failure (CHF),CHF_date of onset,
I50.22,CHF,Chronic systolic heart failure,h/o__Congestive heart failure (CHF),CHF_date of onset,
I50.23,CHF,Acute on chronic systolic heart failure,h/o__Congestive heart failure (CHF),CHF_date of onset,
I50.30,CHF,Unspecified diastolic heart failure,h/o__Congestive heart failure (CHF),CHF_date of onset,
I50.31,CHF,Acute diastolic heart failure,h/o__Congestive heart failure (CHF),CHF_date of onset,
I50.32,CHF,Chronic diastolic heart failure,h/o__Congestive heart failure (CHF),CHF_date of onset,
I50.33,CHF,Acute on chronic diastolic heart failure,h/o__Congestive heart failure (CHF),CHF_date of onset,
I50.40,CHF,Unspecified combined systolic/diastolic heart failure,h/o__Congestive heart failure (CHF),CHF_date of onset,
I50.41,CHF,Acute combined systolic/diastolic heart failure,h/o__Congestive heart failure (CHF),CHF_date of onset,
I50.42,CHF,Chronic combined systolic/diastolic heart failure,h/o__Congestive heart failure (CHF),CHF_date of onset,
I50.43,CHF,Acute on chronic combined systolic/diastolic heart failure,h/o__Congestive heart failure (CHF),CHF_date of onset,
I50.810,CHF,Right heart failure unspecified,h/o__Congestive heart failure (CHF),CHF_date of onset,
I50.811,CHF,Acute right heart failure,h/o__Congestive heart failure (CHF),CHF_date of onset,
I50.812,CHF,Chronic right heart failure,h/o__Congestive heart failure (CHF),CHF_date of onset,
I50.813,CHF,Acute on chronic right heart failure,h/o__Congestive heart failure (CHF),CHF_date of onset,
I50.814,CHF,Right heart failure due to left heart failure,h/o__Congestive heart failure (CHF),CHF_date of onset,
I50.82,CHF,Biventricular heart failure,h/o__Congestive heart failure (CHF),CHF_date of onset,
I50.83,CHF,High output heart failure,h/o__Congestive heart failure (CHF),CHF_date of onset,
I50.84,CHF,End stage heart failure,h/o__Congestive heart failure (CHF),CHF_date of onset,
I50.89,CHF,Other heart failure,h/o__Congestive heart failure (CHF),CHF_date of onset,
I50.9,CHF,Heart failure unspecified,h/o__Congestive heart failure (CHF),CHF_date of onset,
I97.130,CHF,Postprocedural heart failure following cardiac surgery (remote),h/o__Congestive heart failure (CHF),CHF_date of onset,
I09.81,CHF,Rheumatic heart failure (remote),h/o__Congestive heart failure (CHF),CHF_date of onset,
I42,CM,Cardiomyopathy (parent),h/o__Cardiomyopathy (CM),CM_date of onset,
I42.0,CM,Dilated cardiomyopathy,h/o__Cardiomyopathy (CM),CM_date of onset,
I42.1,CM,Obstructive hypertrophic cardiomyopathy,h/o__Cardiomyopathy (CM),CM_date of onset,
I42.2,CM,Other hypertrophic cardiomyopathy,h/o__Cardiomyopathy (CM),CM_date of onset,
I42.3,CM,Endomyocardial (eosinophilic) disease,h/o__Cardiomyopathy (CM),CM_date of onset,
I42.4,CM,Endocardial fibroelastosis,h/o__Cardiomyopathy (CM),CM_date of onset,
I42.5,CM,Other restrictive cardiomyopathy,h/o__Cardiomyopathy (CM),CM_date of onset,
I42.6,CM,Alcoholic cardiomyopathy,h/o__Cardiomyopathy (CM),CM_date of onset,
I42.7,CM,Cardiomyopathy due to drug/external agent,h/o__Cardiomyopathy (CM),CM_date of onset,
I42.8,CM,Other cardiomyopathies,h/o__Cardiomyopathy (CM),CM_date of onset,
I42.9,CM,Cardiomyopathy unspecified,h/o__Cardiomyopathy (CM),CM_date of onset,
I43,CM,Cardiomyopathy in diseases classified elsewhere,h/o__Cardiomyopathy (CM),CM_date of onset,
I25.5,CM,Ischemic cardiomyopathy,h/o__Cardiomyopathy (CM),CM_date of onset,
I21,MI,Acute myocardial infarction (parent),h/o__Myocardial Infarction (MI),MI_date of onset,
I21.01,MI,STEMI involving left main coronary artery,h/o__Myocardial Infarction (MI),MI_date of onset,
I21.02,MI,STEMI involving left anterior descending,h/o__Myocardial Infarction (MI),MI_date of onset,
I21.09,MI,STEMI involving other coronary artery of anterior wall,h/o__Myocardial Infarction (MI),MI_date of onset,
I21.11,MI,STEMI involving right coronary artery,h/o__Myocardial Infarction (MI),MI_date of onset,
I21.19,MI,STEMI involving other coronary artery of inferior wall,h/o__Myocardial Infarction (MI),MI_date of onset,
I21.21,MI,STEMI involving left circumflex coronary artery,h/o__Myocardial Infarction (MI),MI_date of onset,
I21.29,MI,STEMI of other sites,h/o__Myocardial Infarction (MI),MI_date of onset,
I21.3,MI,STEMI of unspecified site,h/o__Myocardial Infarction (MI),MI_date of onset,
I21.4,MI,Non-ST elevation (NSTEMI) myocardial infarction,h/o__Myocardial Infarction (MI),MI_date of onset,
I21.9,MI,Acute myocardial infarction unspecified,h/o__Myocardial Infarction (MI),MI_date of onset,
I21.A1,MI,Type 2 myocardial infarction,h/o__Myocardial Infarction (MI),MI_date of onset,
I21.A9,MI,Other myocardial infarction type,h/o__Myocardial Infarction (MI),MI_date of onset,
I22,MI,Subsequent myocardial infarction (parent),h/o__Myocardial Infarction (MI),MI_date of onset,
I22.0,MI,Subsequent STEMI of anterior wall,h/o__Myocardial Infarction (MI),MI_date of onset,
I22.1,MI,Subsequent STEMI of inferior wall,h/o__Myocardial Infarction (MI),MI_date of onset,
I22.2,MI,Subsequent NSTEMI,h/o__Myocardial Infarction (MI),MI_date of onset,
I22.8,MI,Subsequent MI of other sites,h/o__Myocardial Infarction (MI),MI_date of onset,
I22.9,MI,Subsequent MI of unspecified site,h/o__Myocardial Infarction (MI),MI_date of onset,
I23,MI,Certain current complications following STEMI/NSTEMI (remote - complication codes),h/o__Myocardial Infarction (MI),MI_date of onset,
I24.0,MI,Acute coronary thrombosis not resulting in myocardial infarction,h/o__Myocardial Infarction (MI),MI_date of onset,
I24.1,MI,Dressler's syndrome (post-MI syndrome),h/o__Myocardial Infarction (MI),MI_date of onset,
I24.8,MI,Other forms of acute ischemic heart disease,h/o__Myocardial Infarction (MI),MI_date of onset,
I24.9,MI,Acute ischemic heart disease unspecified,h/o__Myocardial Infarction (MI),MI_date of onset,
I25.2,MI,Old myocardial infarction,h/o__Myocardial Infarction (MI),MI_date of onset,
I63,Stroke,Cerebral infarction (parent),h/o_stroke,Stroke_date of onset,
I63.0,Stroke,Cerebral infarction due to thrombosis of precerebral arteries,h/o_stroke,Stroke_date of onset,
I63.1,Stroke,Cerebral infarction due to embolism of precerebral arteries,h/o_stroke,Stroke_date of onset,
I63.2,Stroke,Cerebral infarction due to unspecified occlusion of precerebral arteries,h/o_stroke,Stroke_date of onset,
I63.3,Stroke,Cerebral infarction due to thrombosis of cerebral arteries,h/o_stroke,Stroke_date of onset,
I63.4,Stroke,Cerebral infarction due to embolism of cerebral arteries,h/o_stroke,Stroke_date of onset,
I63.5,Stroke,Cerebral infarction due to unspecified occlusion of cerebral arteries,h/o_stroke,Stroke_date of onset,
I63.6,Stroke,Cerebral infarction due to cerebral venous thrombosis, nonpyogenic,h/o_stroke,Stroke_date of onset,
I63.8,Stroke,Other cerebral infarction,h/o_stroke,Stroke_date of onset,
I63.9,Stroke,Cerebral infarction unspecified,h/o_stroke,Stroke_date of onset,
I61,Stroke,Intracerebral hemorrhage (parent),h/o_stroke,Stroke_date of onset,
I61.0,Stroke,Intracerebral hemorrhage in hemisphere, subcortical,h/o_stroke,Stroke_date of onset,
I61.1,Stroke,Intracerebral hemorrhage in hemisphere, cortical,h/o_stroke,Stroke_date of onset,
I61.2,Stroke,Intracerebral hemorrhage in hemisphere, unspecified,h/o_stroke,Stroke_date of onset,
I61.3,Stroke,Intracerebral hemorrhage in brain stem,h/o_stroke,Stroke_date of onset,
I61.4,Stroke,Intracerebral hemorrhage in cerebellum,h/o_stroke,Stroke_date of onset,
I61.5,Stroke,Intracerebral hemorrhage, intraventricular,h/o_stroke,Stroke_date of onset,
I61.6,Stroke,Intracerebral hemorrhage, multiple localized,h/o_stroke,Stroke_date of onset,
I61.8,Stroke,Other intracerebral hemorrhage,h/o_stroke,Stroke_date of onset,
I61.9,Stroke,Intracerebral hemorrhage unspecified,h/o_stroke,Stroke_date of onset,
I60,Stroke,Subarachnoid hemorrhage (parent),h/o_stroke,Stroke_date of onset,
I60.00,Stroke,Subarachnoid hemorrhage from carotid siphon and bifurcation, unspecified,h/o_stroke,Stroke_date of onset,
I60.01,Stroke,Subarachnoid hemorrhage from right carotid siphon and bifurcation,h/o_stroke,Stroke_date of onset,
I60.02,Stroke,Subarachnoid hemorrhage from left carotid siphon and bifurcation,h/o_stroke,Stroke_date of onset,
I60.9,Stroke,Nontraumatic subarachnoid hemorrhage unspecified,h/o_stroke,Stroke_date of onset,
I62,Stroke,Other nontraumatic intracranial hemorrhage (subdural/extradural) (remote),h/o_stroke,Stroke_date of onset,
I64,Stroke,Stroke not specified as hemorrhage or infarction (NOS),h/o_stroke,Stroke_date of onset,
I65,Stroke,Occlusion/stenosis precerebral arteries not resulting in infarction (remote),h/o_stroke,Stroke_date of onset,
I66,Stroke,Occlusion/stenosis cerebral arteries not resulting in infarction (remote),h/o_stroke,Stroke_date of onset,
I67.81,Stroke,Cerebral ischemia (remote),h/o_stroke,Stroke_date of onset,
I67.89,Stroke,Other specified cerebrovascular disease (remote),h/o_stroke,Stroke_date of onset,
I69,Stroke,Sequelae of cerebrovascular disease (remote),h/o_stroke,Stroke_date of onset,
G45,Stroke,Transient cerebral ischemic attacks (TIA) (remote),h/o_stroke,Stroke_date of onset,
I25.1,CAD,Atherosclerotic heart disease (parent),h/o__Coronary artery disease (CAD),Cad_date of onset,
I25.10,CAD,Atherosclerotic heart disease of native coronary artery without angina,h/o__Coronary artery disease (CAD),Cad_date of onset,
I25.110,CAD,Atherosclerotic heart disease of native coronary artery w/ unstable angina,h/o__Coronary artery disease (CAD),Cad_date of onset,
I25.111,CAD,Atherosclerotic heart disease of native coronary artery w/ angina and documented spasm,h/o__Coronary artery disease (CAD),Cad_date of onset,
I25.118,CAD,Atherosclerotic heart disease of native coronary artery w/ other forms of angina,h/o__Coronary artery disease (CAD),Cad_date of onset,
I25.119,CAD,Atherosclerotic heart disease of native coronary artery w/ unspecified angina,h/o__Coronary artery disease (CAD),Cad_date of onset,
I25.7,CAD,Atherosclerosis of coronary artery bypass graft(s) and transplant (parent),h/o__Coronary artery disease (CAD),Cad_date of onset,
I25.700,CAD,Atherosclerosis of unspecified CABG, native or unspecified vessel, w/ unstable angina,h/o__Coronary artery disease (CAD),Cad_date of onset,
I25.701,CAD,Atherosclerosis of unspecified CABG, autologous vein, w/ unstable angina,h/o__Coronary artery disease (CAD),Cad_date of onset,
I25.709,CAD,Atherosclerosis of unspecified CABG, unspecified angina,h/o__Coronary artery disease (CAD),Cad_date of onset,
I25.72,CAD,Atherosclerosis of autologous vein CABG w/ angina,h/o__Coronary artery disease (CAD),Cad_date of onset,
I25.75,CAD,Atherosclerosis of native coronary artery of transplanted heart w/ angina,h/o__Coronary artery disease (CAD),Cad_date of onset,
I25.79,CAD,Atherosclerosis of other coronary artery bypass graft w/ angina,h/o__Coronary artery disease (CAD),Cad_date of onset,
I25.8,CAD,Other forms of chronic ischemic heart disease,h/o__Coronary artery disease (CAD),Cad_date of onset,
I25.81,CAD,Atherosclerosis of coronary artery bypass graft without angina,h/o__Coronary artery disease (CAD),Cad_date of onset,
I25.9,CAD,Chronic ischemic heart disease unspecified,h/o__Coronary artery disease (CAD),Cad_date of onset,
I20,CAD,Angina pectoris (remote - closely related),h/o__Coronary artery disease (CAD),Cad_date of onset,
I20.0,CAD,Unstable angina,h/o__Coronary artery disease (CAD),Cad_date of onset,
I20.1,CAD,Angina pectoris with documented spasm (Prinzmetal),h/o__Coronary artery disease (CAD),Cad_date of onset,
I20.8,CAD,Other forms of angina pectoris,h/o__Coronary artery disease (CAD),Cad_date of onset,
I20.9,CAD,Angina pectoris unspecified,h/o__Coronary artery disease (CAD),Cad_date of onset,
I70.2,PAD,Atherosclerosis of native arteries of extremities (parent),h/o__peripheral artereial disease (PAD),PAD_date of onset,
I70.20,PAD,Unspecified atherosclerosis of native arteries of extremities,h/o__peripheral artereial disease (PAD),PAD_date of onset,
I70.21,PAD,Atherosclerosis of native arteries of extremities with intermittent claudication,h/o__peripheral artereial disease (PAD),PAD_date of onset,
I70.22,PAD,Atherosclerosis of native arteries of extremities with rest pain,h/o__peripheral artereial disease (PAD),PAD_date of onset,
I70.23,PAD,Atherosclerosis of native arteries of extremities with ulceration,h/o__peripheral artereial disease (PAD),PAD_date of onset,
I70.24,PAD,Atherosclerosis of native arteries of extremities with gangrene,h/o__peripheral artereial disease (PAD),PAD_date of onset,
I70.25,PAD,Atherosclerosis of native arteries of other extremity with ulceration,h/o__peripheral artereial disease (PAD),PAD_date of onset,
I70.3,PAD,Atherosclerosis of unspecified extremity with ulceration,h/o__peripheral artereial disease (PAD),PAD_date of onset,
I70.4,PAD,Atherosclerosis of bypass graft of extremities,h/o__peripheral artereial disease (PAD),PAD_date of onset,
I70.5,PAD,Atherosclerosis of unspecified type of bypass graft(s) of extremities (remote),h/o__peripheral artereial disease (PAD),PAD_date of onset,
I70.6,PAD,Atherosclerosis of other type of bypass graft(s) of extremities (remote),h/o__peripheral artereial disease (PAD),PAD_date of onset,
I70.7,PAD,Atherosclerosis of other specified arteries (remote),h/o__peripheral artereial disease (PAD),PAD_date of onset,
I70.8,PAD,Atherosclerosis of other arteries,h/o__peripheral artereial disease (PAD),PAD_date of onset,
I70.90,PAD,Unspecified atherosclerosis,h/o__peripheral artereial disease (PAD),PAD_date of onset,
I70.91,PAD,Generalized atherosclerosis,h/o__peripheral artereial disease (PAD),PAD_date of onset,
I70.92,PAD,Chronic total occlusion of artery of the extremities,h/o__peripheral artereial disease (PAD),PAD_date of onset,
I73.9,PAD,Peripheral vascular disease unspecified,h/o__peripheral artereial disease (PAD),PAD_date of onset,
I73.00,PAD,Raynaud's syndrome without gangrene (remote),h/o__peripheral artereial disease (PAD),PAD_date of onset,
I73.01,PAD,Raynaud's syndrome with gangrene (remote),h/o__peripheral artereial disease (PAD),PAD_date of onset,
I73.1,PAD,Thromboangiitis obliterans (Buerger's disease) (remote),h/o__peripheral artereial disease (PAD),PAD_date of onset,
I73.81,PAD,Erythromelalgia (remote),h/o__peripheral artereial disease (PAD),PAD_date of onset,
I73.89,PAD,Other specified peripheral vascular diseases,h/o__peripheral artereial disease (PAD),PAD_date of onset,
I74,PAD,Arterial embolism and thrombosis (remote),h/o__peripheral artereial disease (PAD),PAD_date of onset,
E10,Diabetes,Type 1 diabetes mellitus (parent),h/o__diabetes_id,Diabetes_date of onset,
E10.10,Diabetes,Type 1 diabetes with ketoacidosis without coma,h/o__diabetes_id,Diabetes_date of onset,
E10.11,Diabetes,Type 1 diabetes with ketoacidosis with coma,h/o__diabetes_id,Diabetes_date of onset,
E10.21,Diabetes,Type 1 diabetes with diabetic nephropathy,h/o__diabetes_id,Diabetes_date of onset,
E10.22,Diabetes,Type 1 diabetes with diabetic chronic kidney disease,h/o__diabetes_id,Diabetes_date of onset,
E10.29,Diabetes,Type 1 diabetes with other diabetic kidney complication,h/o__diabetes_id,Diabetes_date of onset,
E10.311,Diabetes,Type 1 diabetes with unspecified diabetic retinopathy with macular edema,h/o__diabetes_id,Diabetes_date of onset,
E10.319,Diabetes,Type 1 diabetes with unspecified diabetic retinopathy without macular edema,h/o__diabetes_id,Diabetes_date of onset,
E10.36,Diabetes,Type 1 diabetes with diabetic cataract,h/o__diabetes_id,Diabetes_date of onset,
E10.40,Diabetes,Type 1 diabetes with diabetic neuropathy unspecified,h/o__diabetes_id,Diabetes_date of onset,
E10.42,Diabetes,Type 1 diabetes with diabetic polyneuropathy,h/o__diabetes_id,Diabetes_date of onset,
E10.51,Diabetes,Type 1 diabetes with diabetic peripheral angiopathy without gangrene,h/o__diabetes_id,Diabetes_date of onset,
E10.52,Diabetes,Type 1 diabetes with diabetic peripheral angiopathy with gangrene,h/o__diabetes_id,Diabetes_date of onset,
E10.610,Diabetes,Type 1 diabetes with diabetic neuropathic arthropathy,h/o__diabetes_id,Diabetes_date of onset,
E10.620,Diabetes,Type 1 diabetes with diabetic dermatitis,h/o__diabetes_id,Diabetes_date of onset,
E10.65,Diabetes,Type 1 diabetes with hyperglycemia,h/o__diabetes_id,Diabetes_date of onset,
E10.8,Diabetes,Type 1 diabetes with unspecified complications,h/o__diabetes_id,Diabetes_date of onset,
E10.9,Diabetes,Type 1 diabetes without complications,h/o__diabetes_id,Diabetes_date of onset,
E11,Diabetes,Type 2 diabetes mellitus (parent),h/o__diabetes_id,Diabetes_date of onset,
E11.00,Diabetes,Type 2 diabetes with hyperosmolarity without NKHHC,h/o__diabetes_id,Diabetes_date of onset,
E11.01,Diabetes,Type 2 diabetes with hyperosmolarity with coma,h/o__diabetes_id,Diabetes_date of onset,
E11.21,Diabetes,Type 2 diabetes with diabetic nephropathy,h/o__diabetes_id,Diabetes_date of onset,
E11.22,Diabetes,Type 2 diabetes with diabetic chronic kidney disease,h/o__diabetes_id,Diabetes_date of onset,
E11.29,Diabetes,Type 2 diabetes with other diabetic kidney complication,h/o__diabetes_id,Diabetes_date of onset,
E11.311,Diabetes,Type 2 diabetes with unspecified diabetic retinopathy with macular edema,h/o__diabetes_id,Diabetes_date of onset,
E11.319,Diabetes,Type 2 diabetes with unspecified diabetic retinopathy without macular edema,h/o__diabetes_id,Diabetes_date of onset,
E11.36,Diabetes,Type 2 diabetes with diabetic cataract,h/o__diabetes_id,Diabetes_date of onset,
E11.40,Diabetes,Type 2 diabetes with diabetic neuropathy unspecified,h/o__diabetes_id,Diabetes_date of onset,
E11.42,Diabetes,Type 2 diabetes with diabetic polyneuropathy,h/o__diabetes_id,Diabetes_date of onset,
E11.51,Diabetes,Type 2 diabetes with diabetic peripheral angiopathy without gangrene,h/o__diabetes_id,Diabetes_date of onset,
E11.52,Diabetes,Type 2 diabetes with diabetic peripheral angiopathy with gangrene,h/o__diabetes_id,Diabetes_date of onset,
E11.610,Diabetes,Type 2 diabetes with diabetic neuropathic arthropathy,h/o__diabetes_id,Diabetes_date of onset,
E11.620,Diabetes,Type 2 diabetes with diabetic dermatitis,h/o__diabetes_id,Diabetes_date of onset,
E11.65,Diabetes,Type 2 diabetes with hyperglycemia,h/o__diabetes_id,Diabetes_date of onset,
E11.8,Diabetes,Type 2 diabetes with unspecified complications,h/o__diabetes_id,Diabetes_date of onset,
E11.9,Diabetes,Type 2 diabetes without complications,h/o__diabetes_id,Diabetes_date of onset,
E08,Diabetes,Diabetes mellitus due to underlying condition (parent, subcodes mirror E11.xx),h/o__diabetes_id,Diabetes_date of onset,
E09,Diabetes,Drug or chemical induced diabetes mellitus (parent, subcodes mirror E11.xx),h/o__diabetes_id,Diabetes_date of onset,
E13,Diabetes,Other specified diabetes mellitus (parent, subcodes mirror E11.xx),h/o__diabetes_id,Diabetes_date of onset,
O24,Diabetes,Diabetes mellitus in pregnancy (remote - obstetric),h/o__diabetes_id,Diabetes_date of onset,
R73.03,Diabetes,Prediabetes (remote),h/o__diabetes_id,Diabetes_date of onset,
R73.09,Diabetes,Other abnormal glucose (remote),h/o__diabetes_id,Diabetes_date of onset,
N18,CKD,Chronic kidney disease (parent),h/o_Chronic kideny disease (CKD),CKD onset date,
N18.1,CKD,Chronic kidney disease stage 1,h/o_Chronic kideny disease (CKD),CKD onset date,
N18.2,CKD,Chronic kidney disease stage 2 (mild),h/o_Chronic kideny disease (CKD),CKD onset date,
N18.3,CKD,Chronic kidney disease stage 3 (moderate),h/o_Chronic kideny disease (CKD),CKD onset date,
N18.30,CKD,Chronic kidney disease stage 3 unspecified,h/o_Chronic kideny disease (CKD),CKD onset date,
N18.31,CKD,Chronic kidney disease stage 3a,h/o_Chronic kideny disease (CKD),CKD onset date,
N18.32,CKD,Chronic kidney disease stage 3b,h/o_Chronic kideny disease (CKD),CKD onset date,
N18.4,CKD,Chronic kidney disease stage 4 (severe),h/o_Chronic kideny disease (CKD),CKD onset date,
N18.5,CKD,Chronic kidney disease stage 5,h/o_Chronic kideny disease (CKD),CKD onset date,
N18.6,CKD,End stage renal disease,h/o_Chronic kideny disease (CKD),CKD onset date,
N18.9,CKD,Chronic kidney disease unspecified,h/o_Chronic kideny disease (CKD),CKD onset date,
N19,CKD,Unspecified kidney failure (remote),h/o_Chronic kideny disease (CKD),CKD onset date,
Z99.2,CKD,Dependence on renal dialysis (remote),h/o_Chronic kideny disease (CKD),CKD onset date,
Z94.0,CKD,Kidney transplant status (remote),h/o_Chronic kideny disease (CKD),CKD onset date,
E78,Dyslipidemia,Disorders of lipoprotein metabolism (parent),risk_factors_dyslipdemia,dyslipidemia_date of onset,
E78.0,Dyslipidemia,Pure hypercholesterolemia,risk_factors_dyslipdemia,dyslipidemia_date of onset,
E78.1,Dyslipidemia,Pure hyperglyceridemia,risk_factors_dyslipdemia,dyslipidemia_date of onset,
E78.2,Dyslipidemia,Mixed hyperlipidemia,risk_factors_dyslipdemia,dyslipidemia_date of onset,
E78.3,Dyslipidemia,Hyperchylomicronemia,risk_factors_dyslipdemia,dyslipidemia_date of onset,
E78.4,Dyslipidemia,Other hyperlipidemia,risk_factors_dyslipdemia,dyslipidemia_date of onset,
E78.5,Dyslipidemia,Hyperlipidemia unspecified,risk_factors_dyslipdemia,dyslipidemia_date of onset,
E78.6,Dyslipidemia,Lipoprotein deficiency,risk_factors_dyslipdemia,dyslipidemia_date of onset,
E78.7,Dyslipidemia,Disorders of lipid metabolism not elsewhere classified,risk_factors_dyslipdemia,dyslipidemia_date of onset,
E78.8,Dyslipidemia,Other disorders of lipoprotein metabolism,risk_factors_dyslipdemia,dyslipidemia_date of onset,
E78.9,Dyslipidemia,Disorder of lipoprotein metabolism unspecified,risk_factors_dyslipdemia,dyslipidemia_date of onset,
F17,Smoke,Nicotine dependence (parent),risk_factors__smoke_id,Smoke_date of onset,risk_factors__smoke_packsyears | risk_factors__smoke_current/prior
F17.200,Smoke,Nicotine dependence unspecified uncomplicated,risk_factors__smoke_id,Smoke_date of onset,risk_factors__smoke_packsyears | risk_factors__smoke_current/prior
F17.201,Smoke,Nicotine dependence unspecified in remission,risk_factors__smoke_id,Smoke_date of onset,risk_factors__smoke_packsyears | risk_factors__smoke_current/prior
F17.203,Smoke,Nicotine dependence unspecified with withdrawal,risk_factors__smoke_id,Smoke_date of onset,risk_factors__smoke_packsyears | risk_factors__smoke_current/prior
F17.209,Smoke,Nicotine dependence unspecified with unspecified nicotine-induced disorders,risk_factors__smoke_id,Smoke_date of onset,risk_factors__smoke_packsyears | risk_factors__smoke_current/prior
F17.210,Smoke,Nicotine dependence cigarettes uncomplicated,risk_factors__smoke_id,Smoke_date of onset,risk_factors__smoke_packsyears | risk_factors__smoke_current/prior
F17.211,Smoke,Nicotine dependence cigarettes in remission,risk_factors__smoke_id,Smoke_date of onset,risk_factors__smoke_packsyears | risk_factors__smoke_current/prior
F17.213,Smoke,Nicotine dependence cigarettes with withdrawal,risk_factors__smoke_id,Smoke_date of onset,risk_factors__smoke_packsyears | risk_factors__smoke_current/prior
F17.220,Smoke,Nicotine dependence chewing tobacco uncomplicated,risk_factors__smoke_id,Smoke_date of onset,risk_factors__smoke_packsyears | risk_factors__smoke_current/prior
F17.290,Smoke,Nicotine dependence other tobacco product uncomplicated,risk_factors__smoke_id,Smoke_date of onset,risk_factors__smoke_packsyears | risk_factors__smoke_current/prior
Z87.891,Smoke,Personal history of nicotine dependence (former use),risk_factors__smoke_id,Smoke_date of onset,risk_factors__smoke_packsyears | risk_factors__smoke_current/prior
Z72.0,Smoke,Tobacco use,risk_factors__smoke_id,Smoke_date of onset,risk_factors__smoke_packsyears | risk_factors__smoke_current/prior
O99.33,Smoke,Smoking complicating pregnancy/childbirth (remote - obstetric),risk_factors__smoke_id,Smoke_date of onset,risk_factors__smoke_packsyears | risk_factors__smoke_current/prior
P04.2,Smoke,Newborn affected by maternal use of tobacco (remote),risk_factors__smoke_id,Smoke_date of onset,risk_factors__smoke_packsyears | risk_factors__smoke_current/prior
F10,Alcohol,Alcohol related disorders (parent),risk_factors__alcohol,Alcohol_date of onset,
F10.10,Alcohol,Alcohol abuse uncomplicated,risk_factors__alcohol,Alcohol_date of onset,
F10.20,Alcohol,Alcohol dependence uncomplicated,risk_factors__alcohol,Alcohol_date of onset,
F10.21,Alcohol,Alcohol dependence in remission,risk_factors__alcohol,Alcohol_date of onset,
F10.229,Alcohol,Alcohol dependence with intoxication unspecified,risk_factors__alcohol,Alcohol_date of onset,
F10.230,Alcohol,Alcohol dependence with withdrawal uncomplicated,risk_factors__alcohol,Alcohol_date of onset,
F10.239,Alcohol,Alcohol dependence with withdrawal delirium unspecified,risk_factors__alcohol,Alcohol_date of onset,
F10.90,Alcohol,Alcohol use unspecified uncomplicated,risk_factors__alcohol,Alcohol_date of onset,
F10.99,Alcohol,Alcohol use unspecified with other alcohol-induced disorder,risk_factors__alcohol,Alcohol_date of onset,
Z72.1,Alcohol,Alcohol use,risk_factors__alcohol,Alcohol_date of onset,
G62.1,Alcohol,Alcoholic polyneuropathy (remote),risk_factors__alcohol,Alcohol_date of onset,
K70,Alcohol,Alcoholic liver disease (remote),risk_factors__alcohol,Alcohol_date of onset,
K29.20,Alcohol,Alcoholic gastritis without bleeding (remote),risk_factors__alcohol,Alcohol_date of onset,
K85.2,Alcohol,Alcohol induced acute pancreatitis (remote),risk_factors__alcohol,Alcohol_date of onset,
F11,Drug,Opioid related disorders (parent),Risk factor_drug,Drug_date of onset,
F11.10,Drug,Opioid abuse uncomplicated,Risk factor_drug,Drug_date of onset,
F11.20,Drug,Opioid dependence uncomplicated,Risk factor_drug,Drug_date of onset,
F11.90,Drug,Opioid use unspecified uncomplicated,Risk factor_drug,Drug_date of onset,
F12,Drug,Cannabis related disorders (parent),Risk factor_drug,Drug_date of onset,
F12.10,Drug,Cannabis abuse uncomplicated,Risk factor_drug,Drug_date of onset,
F12.20,Drug,Cannabis dependence uncomplicated,Risk factor_drug,Drug_date of onset,
F12.90,Drug,Cannabis use unspecified uncomplicated,Risk factor_drug,Drug_date of onset,
F13,Drug,Sedative/hypnotic/anxiolytic related disorders (parent),Risk factor_drug,Drug_date of onset,
F13.10,Drug,Sedative abuse uncomplicated,Risk factor_drug,Drug_date of onset,
F13.20,Drug,Sedative dependence uncomplicated,Risk factor_drug,Drug_date of onset,
F13.90,Drug,Sedative use unspecified uncomplicated,Risk factor_drug,Drug_date of onset,
F14,Drug,Cocaine related disorders (parent),Risk factor_drug,Drug_date of onset,
F14.10,Drug,Cocaine abuse uncomplicated,Risk factor_drug,Drug_date of onset,
F14.20,Drug,Cocaine dependence uncomplicated,Risk factor_drug,Drug_date of onset,
F14.90,Drug,Cocaine use unspecified uncomplicated,Risk factor_drug,Drug_date of onset,
F15,Drug,Other stimulant related disorders (parent),Risk factor_drug,Drug_date of onset,
F15.10,Drug,Other stimulant abuse uncomplicated,Risk factor_drug,Drug_date of onset,
F15.20,Drug,Other stimulant dependence uncomplicated,Risk factor_drug,Drug_date of onset,
F15.90,Drug,Other stimulant use unspecified uncomplicated,Risk factor_drug,Drug_date of onset,
F16,Drug,Hallucinogen related disorders (parent),Risk factor_drug,Drug_date of onset,
F16.10,Drug,Hallucinogen abuse uncomplicated,Risk factor_drug,Drug_date of onset,
F16.20,Drug,Hallucinogen dependence uncomplicated,Risk factor_drug,Drug_date of onset,
F16.90,Drug,Hallucinogen use unspecified uncomplicated,Risk factor_drug,Drug_date of onset,
F18,Drug,Inhalant related disorders (parent),Risk factor_drug,Drug_date of onset,
F18.10,Drug,Inhalant abuse uncomplicated,Risk factor_drug,Drug_date of onset,
F18.20,Drug,Inhalant dependence uncomplicated,Risk factor_drug,Drug_date of onset,
F18.90,Drug,Inhalant use unspecified uncomplicated,Risk factor_drug,Drug_date of onset,
F19,Drug,Other psychoactive substance related disorders (parent),Risk factor_drug,Drug_date of onset,
F19.10,Drug,Other psychoactive substance abuse uncomplicated,Risk factor_drug,Drug_date of onset,
F19.20,Drug,Other psychoactive substance dependence uncomplicated,Risk factor_drug,Drug_date of onset,
F19.90,Drug,Other psychoactive substance use unspecified uncomplicated,Risk factor_drug,Drug_date of onset,
Z72.2,Drug,Drug use,Risk factor_drug,Drug_date of onset,
